{
  "info": {
    "_postman_id": "abcdefg-hijk-lmnop-qrst-uvwxyz123456",
    "name": "Email GraphQL API",
    "description": "Collection of GraphQL queries for managing emails.",
    "schema": "https://schema.getpostman.com/json/collection/v2.1.0/collection.json"
  },
  "item": [
    {
      "name": "Get Emails by Sender",
      "request": {
        "method": "POST",
        "header": [
          {
            "key": "Content-Type",
            "value": "application/json",
            "description": ""
          }
        ],
        "body": {
          "mode": "raw",
          "raw": "{\"query\": \"{ getEmailsBySender(sender: \\\"jeff.skilling@enron.com\\\") { id sender receiver subject body date attachment { id fileName contentType size } } }\"}"
        },
        "url": {
          "raw": "http://localhost:8080/graphql",
          "protocol": "http",
          "host": [
            "localhost"
          ],
          "port": "8080",
          "path": [
            "graphql"
          ]
        }
      },
      "response": []
    },
    {
      "name": "Get Emails Between Users",
      "request": {
        "method": "POST",
        "header": [
          {
            "key": "Content-Type",
            "value": "application/json",
            "description": ""
          }
        ],
        "body": {
          "mode": "raw",
          "raw": "{\"query\": \"{ getEmailsBetweenUsers(sender: \\\"jeff.skilling@enron.com\\\", receiver: \\\"kenneth.lay@enron.com\\\", limit: 10, sort: \\\"DESC\\\") { id subject date body } }\"}"
        },
        "url": {
          "raw": "http://localhost:8080/graphql",
          "protocol": "http",
          "host": [
            "localhost"
          ],
          "port": "8080",
          "path": [
            "graphql"
          ]
        }
      },
      "response": []
    },
    {
      "name": "Get Emails by Subject",
      "request": {
        "method": "POST",
        "header": [
          {
            "key": "Content-Type",
            "value": "application/json",
            "description": ""
          }
        ],
        "body": {
          "mode": "raw",
          "raw": "{\"query\": \"{ getEmailsBySubject(subject: \\\"project\\\") { id sender subject date body } }\"}"
        },
        "url": {
          "raw": "http://localhost:8080/graphql",
          "protocol": "http",
          "host": [
            "localhost"
          ],
          "port": "8080",
          "path": [
            "graphql"
          ]
        }
      },
      "response": []
    },
    {
      "name": "Get Email Counts by Sender",
      "request": {
        "method": "POST",
        "header": [
          {
            "key": "Content-Type",
            "value": "application/json",
            "description": ""
          }
        ],
        "body": {
          "mode": "raw",
          "raw": "{\"query\": \"{ getEmailCountsBySender { sender emailCount } }\"}"
        },
        "url": {
          "raw": "http://localhost:8080/graphql",
          "protocol": "http",
          "host": [
            "localhost"
          ],
          "port": "8080",
          "path": [
            "graphql"
          ]
        }
      },
      "response": []
    },
    {
      "name": "Get Emails by Date Range",
      "request": {
        "method": "POST",
        "header": [
          {
            "key": "Content-Type",
            "value": "application/json",
            "description": ""
          }
        ],
        "body": {
          "mode": "raw",
          "raw": "{\"query\": \"{ getEmailsByDateRange(startDate: \\\"2001-01-01\\\", endDate: \\\"2001-12-31\\\") { id sender receiver subject date } }\"}"
        },
        "url": {
          "raw": "http://localhost:8080/graphql",
          "protocol": "http",
          "host": [
            "localhost"
          ],
          "port": "8080",
          "path": [
            "graphql"
          ]
        }
      },
      "response": []
    },
    {
      "name": "Get Emails with Attachments",
      "request": {
        "method": "POST",
        "header": [
          {
            "key": "Content-Type",
            "value": "application/json",
            "description": ""
          }
        ],
        "body": {
          "mode": "raw",
          "raw": "{\"query\": \"{ getEmailsWithAttachments { id sender receiver subject date attachment { id fileName contentType size } } }\"}"
        },
        "url": {
          "raw": "http://localhost:8080/graphql",
          "protocol": "http",
          "host": [
            "localhost"
          ],
          "port": "8080",
          "path": [
            "graphql"
          ]
        }
      },
      "response": []
    },
    {
      "name": "Get Top Recipients",
      "request": {
        "method": "POST",
        "header": [
          {
            "key": "Content-Type",
            "value": "application/json",
            "description": ""
          }
        ],
        "body": {
          "mode": "raw",
          "raw": "{\"query\": \"{ getTopRecipients(sender: \\\"jeff.skilling@enron.com\\\", limit: 5) { receiver emailCount } }\"}"
        },
        "url": {
          "raw": "http://localhost:8080/graphql",
          "protocol": "http",
          "host": [
            "localhost"
          ],
          "port": "8080",
          "path": [
            "graphql"
          ]
        }
      },
      "response": []
    },
    {
      "name": "Get Emails by Keyword",
      "request": {
        "method": "POST",
        "header": [
          {
            "key": "Content-Type",
            "value": "application/json",
            "description": ""
          }
        ],
        "body": {
          "mode": "raw",
          "raw": "{\"query\": \"{ getEmailsByKeyword(keyword: \\\"California energy crisis\\\") { id sender receiver subject date body } }\"}"
        },
        "url": {
          "raw": "http://localhost:8080/graphql",
          "protocol": "http",
          "host": [
            "localhost"
          ],
          "port": "8080",
          "path": [
            "graphql"
          ]
        }
      },
      "response": []
    },
    {
      "name": "Get Emails with Multiple Recipients",
      "request": {
        "method": "POST",
        "header": [
          {
            "key": "Content-Type",
            "value": "application/json",
            "description": ""
          }
        ],
        "body": {
          "mode": "raw",
          "raw": "{\"query\": \"{ getEmailsWithMultipleRecipients(minRecipients: 10) { id sender receiver subject date } }\"}"
        },
        "url": {
          "raw": "http://localhost:8080/graphql",
          "protocol": "http",
          "host": [
            "localhost"
          ],
          "port": "8080",
          "path": [
            "graphql"
          ]
        }
      },
      "response": []
    },
    {
      "name": "Get Email Threads",
      "request": {
        "method": "POST",
        "header": [
          {
            "key": "Content-Type",
            "value": "application/json",
            "description": ""
          }
        ],
        "body": {
          "mode": "raw",
          "raw": "{\"query\": \"{ getEmailThreads(participant: \\\"jeff.skilling@enron.com\\\") { threadId emails { id sender receiver subject date } } }\"}"
        },
        "url": {
          "raw": "http://localhost:8080/graphql",
          "protocol": "http",
          "host": [
            "localhost"
          ],
          "port": "8080",
          "path": [
            "graphql"
          ]
        }
      },
      "response": []
    }
  ]
}
